<?xml version="1.0" encoding="UTF-8" standalone="yes"?>
<addon id="script.module.slyguy" 
       name="SlyGuy Shared"
	   version="0.13.0"
	   provider-name="SlyGuy">
  <requires>
    <!-- <import addon="xbmc.python" version="2.1.0"/> -->
  </requires>
  <!-- <extension point="xbmc.python.script" library="default.py">
    <provides>executable</provides>
  </extension> -->
  <extension point="xbmc.python.module" library="resources/modules" />
  <extension point="xbmc.service" library="service.py" start="login" />
  <extension point="xbmc.addon.metadata">
    <description lang="en"></description>
    <reuselanguageinvoker>true</reuselanguageinvoker>
    <license></license>
    <language></language>
    <website></website>
    <news></news>
    <assets>
      <icon>icon.png</icon>
      <fanart>fanart.jpg</fanart>
    </assets>
  </extension>
</addon>