<?xml version="1.0" encoding="UTF-8" standalone="yes"?>
<addon id="service.softcam.oscam"
       name="OSCam"
       version="9.2.109"
       provider-name="Team CoreELEC">
  <requires>
    <import addon="xbmc.python" version="2.1.0"/>

  </requires>
  <extension point="xbmc.service" library="default.py">
    <provides></provides>
  </extension>
  <extension point="xbmc.addon.metadata">
    <summary>OSCam: an Open Source Conditional Access Modul</summary>
    <description>
OSCam(11518) is a software to be used to decrypt digital television channels, as an alternative for a conditional access module.
    </description>
    <disclaimer>

    </disclaimer>
    <platform>all</platform>
    <news>
109
- Update to version 11518
- fixed missing Modules
    </news>
    <assets>
      <icon>icon.png</icon>
      <fanart>resources/fanart.png</fanart>

    </assets>
  </extension>
</addon>
