<?xml version="1.0" encoding="UTF-8" standalone="yes"?>
<addon id="repository.MonkeyDigital" name="[COLOR white]MonkeyDigital[/COLOR] Repo" version="1.1" provider-name="Monkey Digital">
    <requires>
        <import addon="xbmc.addon" version="12.0.0"/>
    </requires>
    <extension point="xbmc.addon.repository" name="MonkeyDigital Repo">
        <info>https://raw.githubusercontent.com/katanico/MonkeyDigital/master/Repositorio/addons.xml</info>
        <checksum>https://raw.githubusercontent.com/katanico/MonkeyDigital/master/Repositorio/addons.xml.md5</checksum>
        <datadir zip="true">https://raw.githubusercontent.com/katanico/MonkeyDigital/master/Repositorio/</datadir>
    </extension>
    <extension point="xbmc.addon.metadata">
        <summary>Repositorio MonkeyDigital</summary>
        <description></description>
        <disclaimer></disclaimer>
        <platform>all</platform>
    </extension>
</addon>
